src,RA,Dec,major,minor,ang
V1405_Cas,351.200054,61.1870214,0.186111111,0.1675,2
TXS_1516+064,229.6905,6.23226,0.08,0.08,20