SRC,SwXF,RA,Dec,SNdetect,SNsosta,index,exposure,nh,counts,logFX,dlogFX,PhoIndex,dPhoIndex,cstat,bins,Steppar
TXS_1516+064,J151845.6+061355,229.6900708,6.231848333,32.32,26.47,0,4796,0.0299,868.0,-11.0366,0.0166848,2.02927,0.0522715,278.42,300,False
V1405_Cas,J232448.0+611113,351.2000542,61.18702139,20.7,18.17,0,7251,0.745,395.0,-8.31414,0.0414163,9.49996,0.151154,596.11,103,False
