SRC,SwXF,RA,Dec,SNdetect,SNsosta,index,exposure,counts,nh,logFX,dlogFX,PhoIndex,dPhoIndex,cstat,bins,Steppar
TXS_1516+064,J151845.6+061355,229.6900708,6.231848333,32.32,26.47,0,4777.0,864.0,0.0299,-11.0366,0.02764155,2.02927,0.08427609999999999,278.42,300,True
V1405_Cas,J232448.0+611113,351.2000542,61.18702139,20.7,18.17,0,7222.0,393.0,0.745,-8.18416,0.03890835,10.0,10.0,562.86,103,True
